this_image,corr_ans,trials.thisRepN,trials.thisTrialN,trials.thisN,trials.thisIndex,thisRow.t,notes,intro.started,introtxt.started,start_resp.started,go_example.started,nogo_example.started,intro.stopped,start_resp.keys,start_resp.rt,start_resp.duration,trial.started,image.started,key_resp.started,trial.stopped,key_resp.keys,key_resp.corr,key_resp.rt,key_resp.duration,feedback.started,fbtxt.started,feedback.stopped,fbtxt.stopped,image.stopped,key_resp.stopped,end.started,textbox.started,end_resp.started,end.stopped,participant,session,date,expName,psychopyVersion,frameRate,expStart,trialSeed,
,,,,,,,,0.022061700001358986,0.0891810000030091,0.0891810000030091,0.0891810000030091,0.0891810000030091,7.7386970999941695,s,7.639874899992719,None,,,,,,,,,,,,,,,,,,,wjdgodbs,001,2026-08-12_14h36.51.944,gng,2023.2.3,121.4624073779345,2026-08-12 14h37.02.346548 +0900,,
go.png,space,0,0,0,2,7.752870299998904,,,,,,,,,,,7.747233500005677,7.752870299998904,7.752870299998904,9.187672400003066,space,1,1.4253387999924598,None,9.18851559999166,9.208870899994508,9.693999600000097,,,,,,,,wjdgodbs,001,2026-08-12_14h36.51.944,gng,2023.2.3,121.4624073779345,2026-08-12 14h37.02.346548 +0900,1110179521,
go.png,space,0,1,1,1,9.702331499996944,,,,,,,,,,,9.6946054,9.702331499996944,9.702331499996944,10.154321299996809,space,1,0.44261729999561794,None,10.155013299998245,10.162360999995144,10.66088199999649,,,,,,,,wjdgodbs,001,2026-08-12_14h36.51.944,gng,2023.2.3,121.4624073779345,2026-08-12 14h37.02.346548 +0900,1110179521,
go.png,space,0,2,2,0,10.668957799993223,,,,,,,,,,,10.661387100000866,10.668957799993223,10.668957799993223,11.04509319999488,space,1,0.372063300004811,None,11.045536699995864,11.052691200005938,11.544685999993817,11.552672599995276,,,,,,,wjdgodbs,001,2026-08-12_14h36.51.944,gng,2023.2.3,121.4624073779345,2026-08-12 14h37.02.346548 +0900,1110179521,
nogo.png,None,0,3,3,3,11.552672599995276,,,,,,,,,,,11.545371999993222,11.552672599995276,11.552672599995276,13.545230100004119,None,1,,,13.545610899993335,13.552799400000367,14.04464089999965,14.052513300004648,13.552799400000367,13.552799400000367,,,,,wjdgodbs,001,2026-08-12_14h36.51.944,gng,2023.2.3,121.4624073779345,2026-08-12 14h37.02.346548 +0900,1110179521,
go.png,space,1,0,4,1,14.052513300004648,,,,,,,,,,,14.045046700004605,14.052513300004648,14.052513300004648,14.536656099997344,space,1,0.47807060000195634,None,14.537098799992236,14.543905400001677,15.036553700003424,15.044610800003284,,,,,,,wjdgodbs,001,2026-08-12_14h36.51.944,gng,2023.2.3,121.4624073779345,2026-08-12 14h37.02.346548 +0900,1110179521,
nogo.png,None,1,1,5,3,15.044610800003284,,,,,,,,,,,15.037068999998155,15.044610800003284,15.044610800003284,17.03647269999783,None,1,,,17.036827999996603,17.043969599995762,17.53636299999198,17.544968799993512,17.043969599995762,17.043969599995762,,,,,wjdgodbs,001,2026-08-12_14h36.51.944,gng,2023.2.3,121.4624073779345,2026-08-12 14h37.02.346548 +0900,1110179521,
go.png,space,1,2,6,0,17.544968799993512,,,,,,,,,,,17.536761199997272,17.544968799993512,17.544968799993512,18.070291199997882,space,1,0.5206450000114273,None,18.070810199991683,18.07727320000413,18.569985800000723,18.57760619999317,,,,,,,wjdgodbs,001,2026-08-12_14h36.51.944,gng,2023.2.3,121.4624073779345,2026-08-12 14h37.02.346548 +0900,1110179521,
go.png,space,1,3,7,2,18.57760619999317,,,,,,,,,,,18.570384099992225,18.57760619999317,18.57760619999317,18.978708599999663,space,1,0.3939297000033548,None,18.979623499995796,18.985450199994375,19.47779979999177,19.485805000003893,,,,,,,wjdgodbs,001,2026-08-12_14h36.51.944,gng,2023.2.3,121.4624073779345,2026-08-12 14h37.02.346548 +0900,1110179521,
go.png,space,2,0,8,1,19.485805000003893,,,,,,,,,,,19.478595399996266,19.485805000003893,19.485805000003893,19.88660379999783,space,1,0.39695059999939986,None,19.88708659999247,19.89385670000047,20.38655719999224,20.393969900003867,,,,,,,wjdgodbs,001,2026-08-12_14h36.51.944,gng,2023.2.3,121.4624073779345,2026-08-12 14h37.02.346548 +0900,1110179521,
nogo.png,None,2,1,9,3,20.393969900003867,,,,,,,,,,,20.38706330000423,20.393969900003867,20.393969900003867,22.386298199999146,None,1,,,22.38709669999662,22.394046799992793,22.886230799995246,22.89387980000174,22.394046799992793,22.394046799992793,,,,,wjdgodbs,001,2026-08-12_14h36.51.944,gng,2023.2.3,121.4624073779345,2026-08-12 14h37.02.346548 +0900,1110179521,
go.png,space,2,2,10,0,22.89387980000174,,,,,,,,,,,22.88667949999217,22.89387980000174,22.89387980000174,23.429245199993602,space,1,0.528854299991508,None,23.429978600004688,23.435690300000715,23.928026599998702,23.935445499999332,,,,,,,wjdgodbs,001,2026-08-12_14h36.51.944,gng,2023.2.3,121.4624073779345,2026-08-12 14h37.02.346548 +0900,1110179521,
go.png,space,2,3,11,2,23.935445499999332,,,,,,,,,,,23.928482699993765,23.935445499999332,23.935445499999332,24.32101080000575,space,1,0.3789429999887943,None,24.321856199996546,24.328818399997544,24.82761429999664,,,,,,,,wjdgodbs,001,2026-08-12_14h36.51.944,gng,2023.2.3,121.4624073779345,2026-08-12 14h37.02.346548 +0900,1110179521,
nogo.png,None,3,0,12,3,24.835484299997916,,,,,,,,,,,24.828105399996275,24.835484299997916,24.835484299997916,26.82756089999748,None,1,,,26.827924299999722,26.836181899998337,27.32752089999849,,,,,,,,wjdgodbs,001,2026-08-12_14h36.51.944,gng,2023.2.3,121.4624073779345,2026-08-12 14h37.02.346548 +0900,1110179521,
go.png,space,3,1,13,0,27.336028399993666,,,,,,,,,,,27.327907600003527,27.336028399993666,27.336028399993666,27.91245329999947,space,1,0.5733056000026409,None,27.91314720000082,27.919404899992514,28.41114290000405,28.418850300004124,,,,,,,wjdgodbs,001,2026-08-12_14h36.51.944,gng,2023.2.3,121.4624073779345,2026-08-12 14h37.02.346548 +0900,1110179521,
go.png,space,3,2,14,2,28.418850300004124,,,,,,,,,,,28.41154240000469,28.418850300004124,28.418850300004124,28.711957799998345,space,1,0.2915948000008939,None,28.71268529999361,28.71877389999281,29.211085400005686,29.21940960000211,,,,,,,wjdgodbs,001,2026-08-12_14h36.51.944,gng,2023.2.3,121.4624073779345,2026-08-12 14h37.02.346548 +0900,1110179521,
go.png,space,3,3,15,1,29.21940960000211,,,,,,,,,,,29.211453700001584,29.21940960000211,29.21940960000211,29.545082500000717,space,1,0.32279980000748765,None,29.54563130000315,29.55214430000342,30.044223499993677,30.052382099995157,,,,,,,wjdgodbs,001,2026-08-12_14h36.51.944,gng,2023.2.3,121.4624073779345,2026-08-12 14h37.02.346548 +0900,1110179521,
go.png,space,4,0,16,1,30.052382099995157,,,,,,,,,,,30.04466400000092,30.052382099995157,30.052382099995157,30.520317599992268,space,1,0.46003049999126233,None,30.52099509999971,30.527132799994433,31.019648600005894,31.027009900004487,,,,,,,wjdgodbs,001,2026-08-12_14h36.51.944,gng,2023.2.3,121.4624073779345,2026-08-12 14h37.02.346548 +0900,1110179521,
go.png,space,4,1,17,2,31.027009900004487,,,,,,,,,,,31.020357999994303,31.027009900004487,31.027009900004487,31.537215599993942,space,1,0.5081533000047784,None,31.53783669999393,31.543761499997345,32.03643490000104,32.044191499997396,,,,,,,wjdgodbs,001,2026-08-12_14h36.51.944,gng,2023.2.3,121.4624073779345,2026-08-12 14h37.02.346548 +0900,1110179521,
go.png,space,4,2,18,0,32.044191499997396,,,,,,,,,,,32.03686579999339,32.044191499997396,32.044191499997396,32.37971120000293,space,1,0.3266851000080351,None,32.38022399999318,32.388055699993856,32.886148499994306,,,,,,,,wjdgodbs,001,2026-08-12_14h36.51.944,gng,2023.2.3,121.4624073779345,2026-08-12 14h37.02.346548 +0900,1110179521,
nogo.png,None,4,3,19,3,32.895022400000016,,,,,,,,,,,32.88656319999427,32.895022400000016,32.895022400000016,34.88553250000405,None,1,,,34.88598999999522,34.893979400003445,35.385770299995784,,,,,,,,wjdgodbs,001,2026-08-12_14h36.51.944,gng,2023.2.3,121.4624073779345,2026-08-12 14h37.02.346548 +0900,1110179521,
go.png,space,5,0,20,0,35.39420290000271,,,,,,,,,,,35.38626749999821,35.39420290000271,35.39420290000271,36.253549400003976,space,1,0.8539707000018097,None,36.25415739999153,36.26260329999786,36.76050910000049,,,,,,,,wjdgodbs,001,2026-08-12_14h36.51.944,gng,2023.2.3,121.4624073779345,2026-08-12 14h37.02.346548 +0900,1110179521,
go.png,space,5,1,21,2,36.76922899999772,,,,,,,,,,,36.76121460000286,36.76922899999772,36.76922899999772,37.186641299995244,space,1,0.4148519000009401,None,37.187243899999885,37.19480640000256,37.68662239999685,37.69370259999414,,,,,,,wjdgodbs,001,2026-08-12_14h36.51.944,gng,2023.2.3,121.4624073779345,2026-08-12 14h37.02.346548 +0900,1110179521,
nogo.png,None,5,2,22,3,37.69370259999414,,,,,,,,,,,37.687091999992845,37.69370259999414,37.69370259999414,39.68713299999945,None,1,,,39.68771739999647,39.69413150000037,40.185745800001314,40.19401039999502,39.69413150000037,39.69413150000037,,,,,wjdgodbs,001,2026-08-12_14h36.51.944,gng,2023.2.3,121.4624073779345,2026-08-12 14h37.02.346548 +0900,1110179521,
go.png,space,5,3,23,1,40.19401039999502,,,,,,,,,,,40.186148499997216,40.19401039999502,40.19401039999502,40.67911909999384,space,1,0.4805530000012368,None,40.67963650000456,40.686155100003816,41.178006100002676,41.185476800004835,,,,,,,wjdgodbs,001,2026-08-12_14h36.51.944,gng,2023.2.3,121.4624073779345,2026-08-12 14h37.02.346548 +0900,1110179521,
go.png,space,6,0,24,0,41.185476800004835,,,,,,,,,,,41.17857509999885,41.185476800004835,41.185476800004835,41.66187419999915,space,1,0.4709230000007665,None,41.662384700000985,41.668435400002636,42.161330000002636,42.16907239999273,,,,,,,wjdgodbs,001,2026-08-12_14h36.51.944,gng,2023.2.3,121.4624073779345,2026-08-12 14h37.02.346548 +0900,1110179521,
nogo.png,None,6,1,25,3,42.16907239999273,,,,,,,,,,,42.1618226999999,42.16907239999273,42.16907239999273,44.16143690000172,None,1,,,44.161932599992724,44.168771099997684,44.66137489999528,44.669029800003045,44.168771099997684,44.168771099997684,,,,,wjdgodbs,001,2026-08-12_14h36.51.944,gng,2023.2.3,121.4624073779345,2026-08-12 14h37.02.346548 +0900,1110179521,
go.png,space,6,2,26,1,44.669029800003045,,,,,,,,,,,44.66178419999778,44.669029800003045,44.669029800003045,44.988474300000235,space,1,0.3167195999994874,None,44.98901019999175,44.9948105999938,45.48641650000354,45.494153699997696,,,,,,,wjdgodbs,001,2026-08-12_14h36.51.944,gng,2023.2.3,121.4624073779345,2026-08-12 14h37.02.346548 +0900,1110179521,
go.png,space,6,3,27,2,45.494153699997696,,,,,,,,,,,45.48679599999741,45.494153699997696,45.494153699997696,45.81972030000179,space,1,0.32078579999506474,None,45.82029909999983,45.82731619999686,46.31971429999976,46.32759089999308,,,,,,,wjdgodbs,001,2026-08-12_14h36.51.944,gng,2023.2.3,121.4624073779345,2026-08-12 14h37.02.346548 +0900,1110179521,
go.png,space,7,0,28,2,46.32759089999308,,,,,,,,,,,46.32016119999753,46.32759089999308,46.32759089999308,46.67856919999758,space,1,0.34837450001214165,None,46.6789931999956,46.68591000000015,47.17770450000535,47.18612420000136,,,,,,,wjdgodbs,001,2026-08-12_14h36.51.944,gng,2023.2.3,121.4624073779345,2026-08-12 14h37.02.346548 +0900,1110179521,
nogo.png,None,7,1,29,3,47.18612420000136,,,,,,,,,,,47.178184799995506,47.18612420000136,47.18612420000136,49.17787919999682,None,1,,,49.17826929999865,49.185841400001664,49.67767889999959,49.68569759999809,49.185841400001664,49.185841400001664,,,,,wjdgodbs,001,2026-08-12_14h36.51.944,gng,2023.2.3,121.4624073779345,2026-08-12 14h37.02.346548 +0900,1110179521,
go.png,space,7,2,30,1,49.68569759999809,,,,,,,,,,,49.678131399996346,49.68569759999809,49.68569759999809,50.162756899997476,space,1,0.4754197000002023,None,50.163343099993654,50.17068890000519,50.66891730000498,,,,,,,,wjdgodbs,001,2026-08-12_14h36.51.944,gng,2023.2.3,121.4624073779345,2026-08-12 14h37.02.346548 +0900,1110179521,
go.png,space,7,3,31,0,50.67768419999629,,,,,,,,,,,50.66940990000148,50.67768419999629,50.67768419999629,51.07905469999241,space,1,0.39438880000670906,None,51.07964979999815,51.08639250000124,51.57881809999526,51.58579319999262,,,,,,,wjdgodbs,001,2026-08-12_14h36.51.944,gng,2023.2.3,121.4624073779345,2026-08-12 14h37.02.346548 +0900,1110179521,
nogo.png,None,8,0,32,3,51.58579319999262,,,,,,,,,,,51.57930260000285,51.58579319999262,51.58579319999262,53.57765389999258,None,1,,,53.57830880000256,53.58518439999898,54.07742529999814,54.08541709999554,53.58518439999898,53.58518439999898,,,,,wjdgodbs,001,2026-08-12_14h36.51.944,gng,2023.2.3,121.4624073779345,2026-08-12 14h37.02.346548 +0900,1110179521,
go.png,space,8,1,33,0,54.08541709999554,,,,,,,,,,,54.077712500002235,54.08541709999554,54.08541709999554,54.57848759999615,space,1,0.491482299999916,None,54.57889380000415,54.58583690000523,55.07795599999372,55.08556829999725,,,,,,,wjdgodbs,001,2026-08-12_14h36.51.944,gng,2023.2.3,121.4624073779345,2026-08-12 14h37.02.346548 +0900,1110179521,
go.png,space,8,2,34,1,55.08556829999725,,,,,,,,,,,55.07839559999411,55.08556829999725,55.08556829999725,55.53688339999644,space,1,0.4426267000089865,None,55.53738759999396,55.54466329999559,56.036537599997246,56.043959300004644,,,,,,,wjdgodbs,001,2026-08-12_14h36.51.944,gng,2023.2.3,121.4624073779345,2026-08-12 14h37.02.346548 +0900,1110179521,
go.png,space,8,3,35,2,56.043959300004644,,,,,,,,,,,56.036999300005846,56.043959300004644,56.043959300004644,56.37846469999931,space,1,0.33045759999367874,None,56.37905790000514,56.38649469999655,56.886333000002196,,,,,,,,wjdgodbs,001,2026-08-12_14h36.51.944,gng,2023.2.3,121.4624073779345,2026-08-12 14h37.02.346548 +0900,1110179521,
nogo.png,None,9,0,36,3,56.89441409999563,,,,,,,,,,,56.886806599999545,56.89441409999563,56.89441409999563,58.88593109999783,None,1,,,58.88625769999635,58.894049099995755,59.38640089999535,,,,,,,,wjdgodbs,001,2026-08-12_14h36.51.944,gng,2023.2.3,121.4624073779345,2026-08-12 14h37.02.346548 +0900,1110179521,
go.png,space,9,1,37,1,59.394442699995125,,,,,,,,,,,59.38683509999828,59.394442699995125,59.394442699995125,59.80343179999909,space,1,0.40380039998854045,None,59.80386600000202,59.810560500001884,60.30334230000153,60.31112559999747,,,,,,,wjdgodbs,001,2026-08-12_14h36.51.944,gng,2023.2.3,121.4624073779345,2026-08-12 14h37.02.346548 +0900,1110179521,
go.png,space,9,2,38,0,60.31112559999747,,,,,,,,,,,60.30378339999879,60.31112559999747,60.31112559999747,60.67832360000466,space,1,0.36460210000223015,None,60.67879309999989,60.68643410000368,61.17793619999429,61.18578949999937,,,,,,,wjdgodbs,001,2026-08-12_14h36.51.944,gng,2023.2.3,121.4624073779345,2026-08-12 14h37.02.346548 +0900,1110179521,
go.png,space,9,3,39,2,61.18578949999937,,,,,,,,,,,61.17829999999958,61.18578949999937,61.18578949999937,61.6372221000056,space,1,0.44516079999448266,None,61.637963799992576,61.64409560000058,62.13624490000075,62.27335600000515,,,,,,,wjdgodbs,001,2026-08-12_14h36.51.944,gng,2023.2.3,121.4624073779345,2026-08-12 14h37.02.346548 +0900,1110179521,
,,,,,,,,,,,,,,,,,,,,,,,,,,,,,,,62.136332299996866,62.27335600000515,62.27335600000515,105.27165179999429,,,,,,,,,
